20MICRONS,INDUSTRIAL MINERALS,MINING & MINERALS
3IINFOTECH,COMPUTERS - SOFTWARE,COMPUTERS - SOFTWARE
3MINDIA,DIVERSIFIED COMMERCIAL SERVICES,
63MOONS,COMPUTERS - SOFTWARE,COMPUTERS - SOFTWARE
8KMILES,IT ENABLED SERVICES - SOFTWARE,COMPUTERS - SOFTWARE
A2ZINFRA,ENGINEERING-DESIGNING-CONSTRUCTION,POWER - TRANSMISSION & EQUIPMENT
AARTIDRUGS,PHARMACEUTICALS,PHARMACEUTICALS
AARVEEDEN,FABRICS AND GARMENTS,FABRICS AND GARMENTS
AARTIIND,Chemicals,SPECIALITY
ABAN,Oil Drilling,OFFSHORE SUPPORT SOLUTION DRILLING
ABB,Electric,Equipment SwitchGare Circuit Breaker,POWER EQUIPMENT
ABBOTINDIA,Pharmaceuticals,Pharmaceuticals,PHARMACEUTICALS
ABFRL,Textiles,Products,RETAILING
ABIRLANUVO,Textiles,Manmade Fibre subtype Rayon,NOT FOUND
ACC,Cement,Major,CEMENT
ACCELYA,Computers, Medium  Small,COMPUTERS - SOFTWARE
ACE,Engineering,Heavy,INDUSTRIAL EQUIPMENT
ADANIENT,Trading,Trading,ADANIENT
ADANIPORTS,Misc,Miscellaneous,PORT
ADANIPOWER,Power,Generation Distribution,POWER
ADANITRANS,Power,Generation Distribution,POWER - TRANSMISSION
ADFFOODS,Food Processing,Food Processing subtype Dairy,CONSUMER FOOD
ADHUNIK,Steel,SPONGE IRON,SPONGE IRON
ADHUNIKIND,NA,NA,STEEL PRODUCTS
ADLABS,Recreation   Amusement Parks,Recreation Amusement Parks,OTHER RECREATIONAL ACTIVITIES
ADORWELD,Misc,Welding Equipment subtype Electrodes,ELECTRODES
ADVANIHOTR,Hotels,Hotels
ADVENZYMES,NA,NA
AEGISCHEM,Misc,Miscellaneous
AGCNET,Telecom,Telecommunications subtype Equipment
AGRITECH,Misc,Miscellaneous
AHLEAST,Hotels,Hotels
AHLUCONT,Construction,Construction & Contracting subtype Civil
AHLWEST,Hotels,Hotels
AIAENG,Engineering,Heavy
AIFL,Textiles,Products
AJANTPHARM,Pharmaceuticals,Pharmaceuticals
AJMERA,Construction,Construction and Contracting subtype Real Estate
AKSHARCHEM,NA,NA
AKSHOPTFBR,Cables,Cables subtype Telephone
AKZOINDIA,Paints,Paints Varnishes
ALANKIT,Finance,Finance subtype Investments
ALBERTDAVD,NA,NA
ALBK,Banks subtype PSU,Finance subtype Banks subtype Public Sector
ALCHEM,Diversified,Diversified
ALEMBICLTD,Pharmaceuticals,Pharmaceuticals
ALICON,Auto Ancl,Auto Ancl subtype Others
ALKALI,Metals,Metals subtype Non Ferrous subtype Others
ALKEM,Pharmaceuticals,Bulk Drugs & Formln
ALKYLAMINE,Chemicals,Chemicals subtype Organic subtype Others
ALLCARGO,Transport,Transport subtype Road
ALLSEC,Computers,IT Enabled Services
ALMONDZ,Finance,Finance subtype Investments
ALOKTEXT,Textiles,Textiles subtype Weaving
ALPHAGEO,Oil Drilling,Drilling Exploration
ALPSINDUS,Textiles,Textiles subtype General
AMARAJABAT,Auto Ancl,Auto Ancl subtype Batteries
AMBIKCO,Textiles,Textiles subtype Spinning subtype Cotton Blended
AMBUJACEM,Cement,Major
AMDIND,Packaging,Packaging subtype Others
AMRUTANJAN,Pharmaceuticals,Pharmaceuticals
AMTEKAUTO,Auto Ancl,Auto Ancl subtype Susp. & Braking subtype Others
ANANTRAJ,Construction,Construction and Contracting subtype Real Estate
ANDHRABANK,Banks PSU,Finance subtype Banks subtype Public Sector
ANDHRSUGAR,Sugar,Sugar subtype Others
ANGIND,Diversified,Diversified
ANKITMETAL,Steel,Steel subtype Sponge Iron
ANSALAPI,Construction,Construction & Contracting subtype Housing
ANSALHSG,Construction,Construction & Contracting subtype Housing
APARINDS,Electric,Electric Equipment subtype Transformers
APCL,NA,NA
APCOTEXIND,Misc,Rubber Processing Rubber Products
APLAPOLLO,Steel,Medium   Small
APLLTD,Pharmaceuticals,Bulk Drugs & Formln
APOLLOHOSP,Medical,Hospitals & Medical Services
APOLLOTYRE,Auto Ancl,Tyres & Tubes
APTECHT,Computers,Software
ARCHIDPLY,Consumer Goods,Decoratives subtype Wood Based
ARCHIES,Printing,Printing Publishing Stationery
ARCOTECH,Mining,Mining Minerals
ARIES,Fertilisers,Fertilisers subtype Nitrogenous Phosphate
ARIHANTSUP,NA,NA
ARMANFIN,NA,NA
AROGRANITE,Misc,Granites Marbles
ARROWGREEN,NA,NA
ARROWTEX,Textiles,Textiles subtype General
ARSSINFRA,Construction,Construction & Contracting subtype Civil
ARVIND,Textiles,Denim
ARVSMART,NA,NA
ASAHIINDIA,Glass,Glass subtype Others
ASAHISONG,Dyes,Dyes & Pigments
ASAL,Auto Ancl,Auto Ancl subtype Others
ASHAPURMIN,Mining,Mining Minerals
ASHIANA,Construction,Construction and Contracting subtype Real Estate
ASHIMASYN,Textiles,Textiles subtype Spinning subtype Cotton Blended
ASHOKA,Construction,Construction & Contracting subtype Civil
ASHOKLEY,Auto,Auto subtype LCVs HCVs
ASIANHOTNR,Hotels,Hotels
ASIANPAINT,Paints,Paints Varnishes
ASIANTILES,Ceramics,Ceramics Tiles Sanitaryware
ASSAMCO,Tea subtype Coffee,Plantations subtype Tea & Coffee
ASTEC,Agro,Pesticides Agro Chemicals
ASTRAL,Plastics,Plastics subtype Pipes Tubes
ASTRAMICRO,Telecom,Telecommunications subtype Equipment
ASTRAZEN,Pharmaceuticals,Pharmaceuticals
ATFL,Edible Oils,Edible Oils & Solvent Extraction
ATLANTA,Infrastructure,Infrastructure subtype General
ATUL,Dyes,Dyes & Pigments
ATULAUTO,Auto,Auto subtype 2 & 3 Wheelers
AURIONPRO,Computers,Software
AUROPHARMA,Pharmaceuticals,Pharmaceuticals
AUSOMENT,Trading,Trading
AUTOAXLES,Auto Ancl,Auto Ancl subtype Dr. Trans & Steer subtype Others
AUTOIND,Auto Ancl,Auto Ancl subtype Equipment Lamp
AUTOLITIND,Auto Ancl,Auto Ancl subtype Equipment Lamp
AVANTIFEED,Food Processing,Indian
AVTNPL,Edible Oils,Edible Oils & Solvent Extraction
AXISBANK,Banks subtype Private,Finance subtype Banks subtype Private Sector
AXISCADES,Computers, Medium  Small
AXISGOLD,ETF,Gold
AYMSYNTEX,Textiles,Textiles subtype Processing Texturising
BAFNAPHARM,Pharmaceuticals,Formulations
BAGFILMS,Entertainment,Entertainment Multi Media
BAJAJsubtypeAUTO,Auto,Auto subtype 2 & 3 Wheelers
BAJAJCORP,Diversified,Diversified
BAJAJELEC,Appliances,Domestic Appliances subtype Fans
BAJAJFINSV,Finance,Finance subtype General
BAJAJHIND,Sugar,Sugar subtype Integrated
BAJAJHLDNG,Finance,Finance subtype Investments
BAJFINANCE,Finance,Finance subtype Leasing & Hire Purchase
BALAJITELE,Entertainment,Entertainment Multi Media
BALAMINES,Chemicals,Chemicals subtype Organic subtype Others
BALKRISHNA,NA,NA
BALKRISIND,Auto Ancl,Tyres & Tubes
BALLARPUR,Paper,Paper & Paper Boards
BALMLAWRIE,Diversified,Diversified
BALPHARMA,Pharmaceuticals,Pharmaceuticals
BALRAMCHIN,Sugar,Sugar subtype Integrated
BANARISUG,Sugar,Sugar subtype Others
BANCOINDIA,Auto Ancl,Auto Ancl subtype Engine Parts
BANKBARODA,Banks subtype PSU,Finance subtype Banks subtype Public Sector
BANKBEES,ETF,Bank Nifty
BANKINDIA,Banks subtype PSU,Finance subtype Banks subtype Public Sector
BANKNIFTY,Index,Index
BANSWRAS,Textiles,Textiles subtype Spinning subtype Synthetic Blended
BARTRONICS,Computers,Computers subtype Hardware
BASF,Chemicals,Chemicals subtype Organic subtype Others
BASML,Textiles,Textiles subtype General
BATAINDIA,Leather,Leather Synthetic subtype Footwear
BAYERCROP,Agro,Pesticides Agro Chemicals
BBL,Electric,Electric Equipment subtype Transformers
BBTC,Tea subtype Coffee,Plantations subtype Tea & Coffee
BEDMUTHA,Electronics,Electronics subtype Others
BEL,Electronics,Electronics subtype Others
BEML,Engineering,Heavy
BEPL,Petrochem,Petrochem subtype Polymers
BERGEPAINT,Paints,Paints Varnishes
BFINVEST,Finance,Finance subtype Investments
BFUTILITIE,Power,Generation Distribution
BGRENERGY,Engineering,General
BHAGERIA,Dyes,Dyes & Pigments
BHANDARI,NA,NA
BHARATFIN,NA,NA
BHARATFORG,Auto Ancl,Forgings
BHARATGEAR,Auto Ancl,Auto Ancl subtype Gears & Drive
BHARATIDIL,NA,NA
BHARATRAS,Agro,Pesticides Agro Chemicals
BHARATWIRE,NA,NA
BHARTIARTL,Telecom,Telecommunications subtype Service
BHEL,Engineering,Heavy
BHUSANSTL,Steel,Steel subtype CR HR Strips
BIGBLOC,NA,NA
BIL,Leather,Leather subtype Garments
BINANIIND,Misc,Miscellaneous
BINDALAGRO,Fertilisers,Fertilisers subtype Nitrogenous Phosphate
BIOCON,Pharmaceuticals,Pharmaceuticals
BIRLACABLE,NA,NA
BIRLACORPN,Cement,Major
BLISSGVS,Pharmaceuticals,Contraceptives
BLKASHYAP,Construction,Construction & Contracting subtype Civil
BLS,NA,NA
BLUEBLENDS,Textiles,Textiles subtype Processing Texturising
BLUECOAST,Pharmaceuticals,Pharmaceuticals
BLUEDART,Couriers,Couriers
BLUESTARCO,Air Conditioners,Air Conditioners
BODALCHEM,Dyes,Dyes & Pigments
BOMDYEING,Petrochem,Petrochem subtype Polymers
BOSCHLTD,Auto Ancl,Auto Ancl subtype Engine Parts
BPCL,Refineries,Refineries
BPL,Consumer Goods,Consumer Goods subtype Electronic
BRFL,Textiles,Textiles subtype General
BRIGADE,Construction,Construction and Contracting subtype Real Estate
BRITANNIA,Food Processing,Food Processing subtype Dairy
BROOKS,Pharmaceuticals,Bulk Drugs & Formln
BSE,NA,NA
BSL,Textiles,Textiles subtype Weaving
BSLIMITED,Transmisson Line Towers,Transmisson Line Towers  Equipment
BURNPUR,Cement,Cement subtype Products Building Materials
BUTTERFLY,Appliances,Domestic Appliances subtype Others
BYKE,Hotels,Hotels
CADILAHC,Pharmaceuticals,Pharmaceuticals
CAMLINFINE,Chemicals,Chemicals subtype Others
CANBK,Banks subtype PSU,Finance subtype Banks subtype Public Sector
CANFINHOME,Finance,Finance subtype Housing
CANTABIL,Textiles,Textiles subtype Readymade Apparels
CAPF,Finance,Finance subtype Investments
CAPLIPOINT,Pharmaceuticals,Formulations
CAPTRUST,NA,NA
CARBORUNIV,Grinding Wheels,Abrasives Grinding Wheels
CAREERP,Misc,Miscellaneous
CARERATING,Misc,Miscellaneous
CASTEXTECH,Auto Ancl,Auto Ancl subtype Others
CASTROLIND,Chemicals,Chemicals subtype Others
CCHHL,Hotels,Hotels
CCL,Tea subtype Coffee,Plantations subtype Tea & Coffee
CEATLTD,Auto Ancl,Tyres & Tubes
CEBBCO,Engineering,General
CELEBRITY,Textiles,Textiles subtype Readymade Apparels
CELESTIAL,Pharmaceuticals,Pharmaceuticals
CENTENKA,Textiles,Textiles subtype Manmade Fibre subtype PFY PSF
CENTRALBK,Banks subtype PSU,Finance subtype Banks subtype Public Sector
CENTUM,Electronics,Electronics subtype Others
CENTURYPLY,Consumer Goods,Decoratives subtype Wood Based
CENTURYTEX,Diversified,Diversified
CERA,Ceramics,Ceramics Tiles Sanitaryware
CEREBRAINT,Computers,Computers subtype Hardware
CESC,Power,Generation Distribution
CGCL,Finance,Finance subtype Investments
CGPOWER,NA,NA
CHAMBLFERT,Fertilisers,Fertilisers subtype Nitrogenous Phosphate
CHEMFALKAL,Chemicals,Chemicals subtype Inorganic subtype Caustic Soda Soda Ash
CHENNPETRO,Refineries,Refineries
CHOLAFIN,Finance,Finance subtype Leasing & Hire Purchase
CHROMATIC,Dyes,Dyes & Pigments
CIGNITITEC,Computers, Medium  Small
CINELINE,Entertainment,Entertainment Multi Media
CIPLA,Pharmaceuticals,Pharmaceuticals
CLEDUCATE,NA,NA
CLNINDIA,Dyes,Dyes & Pigments
CMICABLES,NA,NA
CNOVAPETRO,Textiles,Manmade
COALINDIA,Mining,Mining Minerals
COFFEEDAY,Hotels,Hotels
COLPAL,FMCG,Personal Care
COMPINFO,NA,NA
COMPUSOFT,Computers,Education
CONCOR,Transport,Transport subtype Road
CONSOFINVT,Finance,Finance subtype General
CONTROLPR,NA,NA
CORDSCABLE,Cables,Cables subtype Power Others
COROMANDEL,Fertilisers,Fertilisers subtype Nitrogenous Phosphate
CORPBANK,Banks subtype PSU,Finance subtype Banks subtype Public Sector
COSMOFILMS,Plastics,Plastics subtype BOPP subtype Sheets Films
COUNCODOS,Construction,Construction and Contracting subtype Real Estate
COX&KINGS,Travel,Travel Agen.   Tourism Deve.   Amusement Park
CRISIL,Misc,Services subtype Others
CROMPTON,NA,NA
CTE,Computers, Medium  Small
CUB,Banks subtype Private,Finance subtype Banks subtype Private Sector
CUMMINSIND,Engines,Engines
CUPID,NA,NA
CYBERTECH,Computers,Software
CYIENT,Computers, Medium  Small
DAAWAT,Misc,Food Wholesale
DABUR,FMCG,Personal Care
DALMIABHA,Refractories / Intermediates,Refractories   Intermediates
DALMIASUG,Sugar,Sugar subtype Integrated
DAMODARIND,NA,NA
DATAMATICS,Computers,Software
DBCORP,Printing,Printing Publishing Stationery
DBL,NA,NA
DBREALTY,Construction,Construction and Contracting subtype Real Estate
DBSTOCKBRO,Finance,Finance subtype Investments
DCBBANK,Banks subtype Private,Finance subtype Banks subtype Private Sector
DCM,Textiles,Textiles subtype Spinning subtype Cotton Blended
DCMSHRIRAM,Diversified,Mega
DCW,Petrochem,Petrochem subtype Others
DECCANCE,Cement,Cement subtype Mini
DEEPAKFERT,Fertilisers,Fertilisers subtype Nitrogenous Phosphate
DEEPAKNTR,Chemicals,Chemicals subtype Inorganic subtype Others
DEEPIND,Misc,Services subtype Others
DELTACORP,Diversified,Diversified
DELTAMAGNT,Electronics,Electronics subtype Others
DEN,Entertainment,Entertainment Multi Media
DENABANK,Banks subtype PSU,Finance subtype Banks subtype Public Sector
DENORA,Misc,Welding Equipment subtype Electrodes,INDUSTRIAL EQUIPMENT,DENORA,ELECTRIC EQUIPMENT
DFMFOODS,NA,NA
DHAMPURSUG,Sugar,Sugar subtype Integrated
DHANBANK,Banks subtype Private,Finance subtype Banks subtype Private Sector
DHANUKA,Agro,Pesticides Agro Chemicals
DHARSUGAR,Sugar,Sugar subtype Integrated
DHFL,Finance,Finance subtype Housing
DHUNINV,Finance,Finance subtype General
DIAPOWER,Cables,Cables subtype Power Others
DICIND,Printing,Printing Publishing Stationery
DIGJAMLTD,NA,NA
DISHMAN,Pharmaceuticals,Pharmaceuticals
DISHTV,Entertainment,Entertainment Multi Media
DIVISLAB,Pharmaceuticals,Pharmaceuticals
DLF,Construction,Construction and Contracting subtype Real Estate
DLINKINDIA,Misc,Miscellaneous
DMART,NA,NA
DOLPHINOFF,Oil Drilling,Drilling Exploration
DONEAR,Textiles,Textiles subtype Weaving
DPL,Petrochem,Petrochem subtype Others
DPSCLTD,Power,Generation Distribution
DREDGECORP,Misc,Miscellaneous
DRREDDY,Pharmaceuticals,Pharmaceuticals
DTIL,Tea subtype Coffee,Plantations subtype Tea & Coffee
DUCON,NA,NA
DWARKESH,Sugar,Sugar subtype Others
DYNAMATECH,Misc,Hydraulics
EASTSILK,Textiles,Textiles subtype Synthetic Silk
ECEIND,Misc,Lighting Systems
ECLERX,Services,Business Services
EDELWEISS,Finance,Finance subtype General
EDL,Beverages,Beverages subtype Alcoholic subtype Breweries
EDUCOMP,Computers,Softwaresubtype Training
EICHERMOT,Auto,Auto subtype LCVs HCVs
EIDPARRY,Sugar,Sugar subtype Others
EIHAHOTELS,Hotels,Hotels
EIHOTEL,Hotels,Hotels
EIMCOELECO,Engineering,Heavy
EKC,Packaging,Packaging subtype Others
ELAND,Textiles,Textiles subtype Processing Texturising
ELECON,Engineering,Heavy
ELECTCAST,Castings,Castings Foundry
ELECTHERM,Engineering,General
ELGIEQUIP,Compressors,Compressors
ELGIRUBCO,Misc,Miscellaneous
EMAMILTD,FMCG,Personal Care
EMCO,Electric,Electric Equipment subtype Transformers
EMKAY,Finance,Finance subtype General
EMMBI,Packaging,Packaging subtype Metallic
ENDURANCE,NA,NA
ENERGYDEV,Power,Generation Distribution
ENGINERSIN,Computers,Project Consultancy Turnkey
ENIL,Entertainment,Entertainment Multi Media
EON,Electric,Electric Equipment subtype General
EQUITAS,NA,NA
EROSMEDIA,Entertainment,Entertainment Multi Media
ESABINDIA,Misc,Welding Equipment subtype Electrodes
ESCORTS,Auto,Auto subtype Tractors
ESL,Steel,Steel subtype Tubes Pipes
ESSARSHPNG,Shipping,Shipping
ESSELPACK,Packaging,NaN
ESTER,Packaging,Metallic and Plastics
EUROTEXIND,Textiles,Textiles subtype Spinning subtype Cotton Blended
EVEREADY,Dry Cells,Dry Cells
EVERESTIND,Cement,Cement subtype Products Building Materials
EXCEL,NA,NA
EXCELCROP,Agro,Pesticides Agro Chemicals
EXCELINDUS,Agro,Pesticides Agro Chemicals
EXIDEIND,Auto Ancl,Auto Ancl subtype Batteries
FACT,Fertilisers,Fertilisers subtype Nitrogenous Phosphate
FAGBEARING,Auto Ancl,Bearings
FAIRCHEM,NA,NA
FCL,Chemicals,Chemicals subtype Speciality subtype Others
FCONSUMER,NA,NA
FDC,Pharmaceuticals,Pharmaceuticals
FEDDERLOYD,Air Conditioners,Air Conditioners
FEDERALBNK,Banks subtype Private,Finance subtype Banks subtype Private Sector
FEL,NA,NA
FELDVR,NA,NA
FIEMIND,Auto Ancl,Auto Ancl subtype Equipment Lamp
FILATEX,Textiles,Manmade
FINCABLES,Cables,Cables subtype Telephone
FINPIPE,Petrochem,Petrochem subtype Polymers
FLEXITUFF,Packaging,Packaging subtype Others
FLFL,Textiles,Products
FMGOETZE,Auto Ancl,Auto Ancl subtype Engine Parts
FMNL,Misc,Miscellaneous
FORTIS,Medical,Hospitals & Medical Services
FOSECOIND,Chemicals,Chemicals subtype Organic subtype Others
FRETAIL,NA,NA
FSL,Computers,IT Enabled Services
GABRIEL,Auto Ancl,Auto Ancl subtype Shock Absorber
GAEL,Edible Oils,Edible Oils & Solvent Extraction
GAIL,Oil Drilling,Drilling Exploration
GAL,Steel,Steel subtype Rolling
GALLANTT,Steel,Steel subtype Sponge Iron
GALLISPAT,Steel,Steel
GAMMNINFRA,Infrastructure,Infrastructure subtype General
GAMMONIND,Construction,Construction & Contracting subtype Civil
GANDHITUBE,Steel,Steel subtype Tubes Pipes
GANECOS,Textiles,Textiles subtype Processing Texturising
GANESHHOUC,Construction,Construction & Contracting subtype Housing
GARDENSILK,Textiles,Textiles subtype Weaving
GARWALLROP,Textiles,Textiles subtype General
GATI,Couriers,Couriers
GAYAPROJ,Infrastructure,Infrastructure subtype General
GDL,Misc,Miscellaneous
GEECEE,Chemicals,Chemicals subtype Agro Based
GENESYS,Computers,Software
GENUSPAPER,Paper,Paper & Paper Boards
GENUSPOWER,Electronics,Electronics subtype Others
GEOJITFSL,NA,NA
GEPIL,NA,NA
GESHIP,Shipping,Shipping
GET&D,NA,NA
GHCL,Chemicals,Chemicals subtype Inorganic subtype Caustic Soda Soda Ash
GICHSGFIN,Finance,Finance subtype Housing
GILLANDERS,Diversified,Diversified
GILLETTE,FMCG,Personal Care
GINNIFILA,Textiles,Textiles subtype Spinning subtype Cotton Blended
GIPCL,Power,Generation Distribution
GITANJALI,Jewellery,Diamond Cutting Precious Metals Jewellery
GKWLIMITED,Misc,Fasteners
GLAXO,Pharmaceuticals,Pharmaceuticals
GLENMARK,Pharmaceuticals,Pharmaceuticals
GLOBALVECT,Misc,Services subtype Others
GLOBOFFS,Shipping,Shipping
GLOBUSSPR,Beverages,Beverages subtype Alcoholic subtype Breweries
GMBREW,Beverages,Beverages subtype Alcoholic subtype Distilleries
GMDCLTD,Mining,Mining Minerals
GMRINFRA,Infrastructure,Infrastructure subtype General
GNA,NA,NA
GNFC,Fertilisers,Fertilisers subtype Nitrogenous Phosphate
GOACARBON,Petrochem,Petrochem subtype Others
GOCLCORP,Chemicals,Chemicals subtype Others
GODFRYPHLP,Cigarettes,Cigarettes
GODREJCP,FMCG,Personal Care
GODREJIND,Chemicals,Chemicals subtype Others
GODREJPROP,Construction,Construction and Contracting subtype Real Estate
GOKUL,Edible Oils,Edible Oils & Solvent Extraction
GOKULAGRO,NA,NA
GOLDBEES,ETF,Gold
GOLDIAM,Jewellery,Diamond Cutting Precious Metals Jewellery
GOLDSHARE,ETF,Gold
GOODLUCK,Steel,Steel
GPIL,Steel,Steel subtype Sponge Iron
GPPL,Shipping,Ship subtype Docks Breaking Repairs
GPTINFRA,NA,NA
GRANULES,Pharmaceuticals,Pharmaceuticals
GRAPHITE,Electronics,Electrodes subtype Graphite
GRASIM,Diversified,Diversified
GRAVITA,Metals,Metals subtype Non Ferrous subtype Others
GREAVESCOT,Engines,Engines
GREENLAM,Misc,Miscellaneous
GREENPLY,Consumer Goods,Decoratives subtype Wood Based
GREENPOWER,Power,Generation Distribution
GRINDWELL,Grinding Wheels,Abrasives Grinding Wheels
GROBTEA,NA,NA
GRPLTD,Misc,Miscellaneous
GRUH,Finance,Finance subtype Housing
GSCLCEMENT,Cement,North India
GSFC,Fertilisers,Fertilisers subtype Nitrogenous Phosphate
GSKCONS,Food Processing,Food Processing subtype Dairy
GSPL,Petrochem,Petrochem subtype Others
GSS,Computers,Software
GTL,Telecom,Telecommunications subtype Equipment
GTLINFRA,Telecom,Telecommunications subtype Equipment
GTNIND,Textiles,Textiles subtype Spinning subtype Cotton Blended
GTOFFSHORE,Shipping,Shipping
GUFICBIO,Pharmaceuticals,Pharmaceuticals
GUJALKALI,Chemicals,Chemicals subtype Inorganic subtype Caustic Soda Soda Ash
GUJAPOLLO,Engineering,Heavy
GUJFLUORO,Chemicals,Chemicals subtype Organic subtype Others
GUJGASLTD,Gas,Miscellaneous
GUJNRECOKE,Coke,Coke Metallurgical Coke
GUJNREDVR,Coke,Coke Metallurgical Coke
GULFOILLUB,Chemicals,Chemicals subtype Others
GULFPETRO,Chemicals,Chemicals subtype Others
GULPOLY,Chemicals,Chemicals subtype Others
GVKPIL,Power,Generation Distribution
HANUNG,Misc,Toys
HARITASEAT,Auto Ancl,Auto Ancl subtype Others
HARRMALAYA,Tea subtype Coffee,Plantations subtype Tea & Coffee
HATHWAY,Entertainment,Entertainment Multi Media
HATSUN,Food Processing,Indian
HAVELLS,Electric,Equipment SwitchGare Circuit Breaker
HBLPOWER,Electric,Electric Equipment subtype General
HBSTOCK,Finance,Finance subtype Leasing & Hire Purchase
HCC,Construction,Construction & Contracting subtype Civil
HCG,NA,NA
HCLsubtypeINSYS,Computers,Computers subtype Hardware
HCLTECH,Computers,Software
HDFC,Finance,Finance subtype Housing
HDFCBANK,Banks subtype Private,Finance subtype Banks subtype Private Sector
HDIL,Construction,Construction and Contracting subtype Real Estate
HEG,Electronics,Electrodes subtype Graphite
HEIDELBERG,Cement,Major
HERCULES,Engineering,General
HERITGFOOD,Food Processing,Food Processing subtype Dairy
HEROMOTOCO,Auto,Auto subtype 2 & 3 Wheelers
HESTERBIO,Pharmaceuticals,Formulations
HEXATRADEX,Trading,Trading
HEXAWARE,Computers,Software
HFCL,Telecom,Telecommunications subtype Equipment
HGS,Computers, Medium  Small
HIGHGROUND,NA,NA
HIKAL,Pharmaceuticals,Pharmaceuticals
HIL,Cement,Cement subtype Products Building Materials
HILTON,Auto Ancl,Forgings
HIMATSEIDE,Textiles,Textiles subtype Synthetic Silk
HINDALCO,Aluminium,Aluminium
HINDCOMPOS,Auto Ancl,Auto Ancl subtype Dr. Trans & Steer subtype Clutch
HINDCOPPER,Metals,Metals subtype Non Ferrous subtype Copper Copper Alloys subtype Prod
HINDMOTORS,Auto,Auto subtype Cars & Jeeps
HINDNATGLS,Glass,Glass subtype Others
HINDOILEXP,Oil Drilling,Drilling Exploration
HINDPETRO,Refineries,Refineries
HINDUJAFO,Castings,Castings Foundry
HINDUJAVEN,Computers,Software
HINDUNILVR,FMCG,Personal Care
HINDZINC,Metals,Metals subtype Non Ferrous subtype Zinc Zinc Alloys subtype Products
HIRECT,Electronics,Electronics subtype Others
HISARMETAL,NA,NA
HITECHGEAR,Auto Ancl,Auto Ancl subtype Gears & Drive
HMVL,Printing,Printing Publishing Stationery
HONAUT,Misc,Instrumentation & Process Control
HONDAPOWER,Electric,Electric Equipment subtype Gensets Turbines
HOTELEELA,Hotels,Hotels
HOVS,Computers,IT Enabled Services
HPL,NA,NA
HSCL,NA,NA
HSIL,Ceramics,Ceramics Tiles Sanitaryware
HTMEDIA,Printing,Printing Publishing Stationery
HUBTOWN,Construction,Construction and Contracting subtype Real Estate
HUDCO,NA,NA
IBREALEST,Construction,Construction and Contracting subtype Real Estate
IBULHSGFIN,Finance,Finance subtype Investments
IBVENTURES,Finance,Finance subtype Investments
ICICIBANK,Banks subtype Private,Finance subtype Banks subtype Private Sector
ICICIPRULI,NA,NA
ICIL,Textiles,Textiles subtype Spinning subtype Cotton Blended
ICRA,Misc,Services subtype Others
ICSA,Computers,Software
IDBI,Banks subtype PSU,Finance subtype Banks subtype Public Sector
IDEA,Telecom,Telecommunications subtype Service
IDFC,Finance,Finance subtype Term Lending Institutions
IDFCBANK,Banks subtype Private,Finance subtype Banks subtype Private Sector
IFBAGRO,Chemicals,Chemicals subtype Organic subtype Alcohol Based
IFBIND,Consumer Goods,Consumer Goods subtype White subtype Washing Mach. Refrig. Oth
IFCI,Finance,Finance subtype Term Lending Institutions
IFGLREFRAC,Misc,Refractories
IGARASHI,Electric,Electric Equipment subtype General
IGL,Gas,Industrial Gas
IGPL,Chemicals,Chemicals subtype Organic subtype Maleic Anhydride
IIFL,Finance,Finance subtype Investments
IITL,Finance,Finance subtype Investments
IL&FSENGG,Construction,Construction & Contracting subtype Civil
IL&FSTRANS,Construction,Construction & Contracting subtype Civil
IMFA,Mining,Mining Minerals
IMPAL,Auto Ancl,Auto Ancl subtype Engine Parts
IMPEXFERRO,Misc,Ferro Alloys
INDBANK,Finance,Finance subtype General
INDHOTEL,Hotels,Hotels
INDIACEM,Cement,Major
INDIAGLYCO,Chemicals,Chemicals subtype Organic subtype Alcohol Based
INDIANB,Banks subtype PSU,Finance subtype Banks subtype Public Sector
INDIANCARD,Textiles,Textiles subtype Machinery
INDIANHUME,Cement,Cement subtype Products Building Materials
INDIGO,Transport,Transport subtype Air
INDLMETER,Electric,Electric Equipment subtype Transformers
INDNIPPON,Auto Ancl,Auto Ancl subtype Electrical
INDOCO,Pharmaceuticals,Pharmaceuticals
INDORAMA,Textiles,Textiles subtype Spinning subtype Synthetic Blended
INDOSOLAR,Misc,Non Conventional Energy subtype Generation Support Equip
INDOTECH,Power,Power subtype Transmission Equipment
INDOTHAI,Finance,Finance subtype Investments
INDOWIND,Power,Generation Distribution
INDRAMEDCO,Medical,Hospitals & Medical Services
INDSWFTLAB,Pharmaceuticals,Pharmaceuticals
INDTERRAIN,Textiles,Textiles subtype Readymade Apparels
INDUSINDBK,Banks subtype Private,Finance subtype Banks subtype Private Sector
INEOSSTYRO,NA,NA
INFIBEAM,NA,NA
INFINITE,Computers,Software
INFRATEL,Transmisson Line Towers,Transmisson Line Towers  Equipment
INFY,Computers,Software
INGERRAND,Compressors,Compressors
INOXLEISUR,Entertainment,Entertainment Multi Media
INOXWIND,Electric,Electric Equipment subtype General
INSECTICID,Agro,Pesticides Agro Chemicals
INTELLECT,Computers, Medium  Small
INTENTECH,NA,NA
INVENTURE,Finance,Finance subtype Investments
IOB,Banks subtype PSU,Finance subtype Banks subtype Public Sector
IOC,Refineries,Refineries
IOLCP,Chemicals,Chemicals subtype Inorganic subtype Others
IPAPPM,Paper,Paper & Paper Boards
IPCALAB,Pharmaceuticals,Pharmaceuticals
IRB,Construction,Construction & Contracting subtype Civil
ISFT,Computers,IT Enabled Services
ISMTLTD,Steel,Steel subtype Rolling
ITC,Cigarettes,Cigarettes
ITDC,NA,NA
ITDCEM,Construction,Construction & Contracting subtype Civil
ITI,Telecom,Telecommunications subtype Equipment
IVC,Finance,Finance subtype Investments
IVP,Misc,Vanaspati
IVRCLINFRA,Construction,Construction & Contracting subtype Civil
IZMO,Computers, Medium  Small
J&KBANK,Banks subtype Private,Finance subtype Banks subtype Private Sector
JAGRAN,Printing,Printing Publishing Stationery
JAGSNPHARM,Pharmaceuticals,Pharmaceuticals
JAIBALAJI,Steel,Steel subtype Sponge Iron
JAICORPLTD,Steel,Steel subtype GP GC Sheets
JAMNAAUTO,Auto Ancl,Auto Ancl subtype Susp. & Braking subtype Springs
JAYAGROGN,Chemicals,Chemicals subtype Speciality subtype Others
JAYBARMARU,Auto Ancl,Auto Ancl subtype Others
JAYNECOIND,Castings,Castings Foundry
JAYSREETEA,Tea subtype Coffee,Plantations subtype Tea & Coffee
JBCHEPHARM,Pharmaceuticals,Pharmaceuticals
JBFIND,Textiles,Textiles subtype Manmade Fibre subtype PFY PSF
JBMA,Auto Ancl,Auto Ancl subtype Others
JCHAC,NA,NA
JETAIRWAYS,Transport,Transport subtype Air
JINDALPOLY,Packaging,Packaging subtype Others
JINDALSAW,Steel,Steel subtype Tubes Pipes
JINDALSTEL,Steel,Steel subtype Sponge Iron
JINDCOT,Textiles,Textiles subtype General
JINDRILL,Oil Drilling,Drilling Exploration
JINDWORLD,Textiles,Textiles subtype General
JISLDVREQS,Plastics,Plastics subtype Others
JISLJALEQS,Misc,Drip Irrigation Systems
JKCEMENT,Cement,Major
JKIL,Construction,Construction & Contracting subtype Civil
JKLAKSHMI,Cement,Major
JKPAPER,Paper,Paper & Paper Boards
JKTYRE,Auto Ancl,Tyres & Tubes
JMA,Auto Ancl,Auto Ancl subtype Others
JMCPROJECT,Construction,Construction & Contracting subtype Civil
JMFINANCIL,Finance,Finance subtype Investments
JMTAUTOLTD,Auto Ancl,Auto Ancl subtype Gears & Drive
JOCIL,Chemicals,Chemicals subtype Inorganic subtype Caustic Soda Soda Ash
JPASSOCIAT,Construction,Construction & Contracting subtype Civil
JPINFRATEC,Construction,Construction & Contracting subtype Civil
JPOLYINVST,Finance,Finance subtype Investments
JPPOWER,Power,Generation Distribution
JSL,Steel,Steel subtype Alloys Special
JSLHISAR,NA,NA
JSWENERGY,Power,Generation Distribution
JSWHL,Finance,Finance subtype Investments
JSWSTEEL,Steel,Steel
JUBILANT,Pharmaceuticals,Pharmaceuticals
JUBLFOOD,Food Processing,Food Processing subtype Miscellaneous
JUBLINDS,Agro,Pesticides Agro Chemicals
JUNIORBEES,ETF,Junior Nifty
JUSTDIAL,Misc,Miscellaneous
JVLAGRO,Edible Oils,Edible Oils & Solvent Extraction
JYOTHYLAB,FMCG,Personal Care
JYOTISTRUC,Power,Power subtype Transmission Equipment
KABRAEXTRU,Engineering,Heavy
KAJARIACER,Ceramics,Ceramics Tiles Sanitaryware
KAKATCEM,Cement,Cement subtype Mini
KALPATPOWR,Power,Power subtype Transmission Equipment
KAMATHOTEL,Hotels,Hotels
KAMDHENU,NA,NA
KANANIIND,Jewellery,Diamond Cutting Precious Metals Jewellery
KANORICHEM,Chemicals,Chemicals subtype Inorganic subtype Caustic Soda Soda Ash
KANSAINER,Paints,Paints Varnishes
KARMAENG,Power,Generation Distribution
KARURVYSYA,Banks subtype Private,Finance subtype Banks subtype Private Sector
KAUSHALYA,Construction,Construction & Contracting subtype Civil
KAVVERITEL,Telecom,Telecommunications subtype Equipment
KAYA,Personal Care,Indian
KCP,Cement,Cement subtype Mini
KCPSUGIND,Sugar,Sugar subtype Others
KDDL,NA,NA
KEC,Power,Power subtype Transmission Equipment
KECL,Electric,Electric Equipment subtype General
KEI,Cables,Cables subtype Power Others
KELLTONTEC,Computers, Medium  Small
KESARENT,Sugar,Sugar subtype Integrated
KESORAMIND,Diversified,Diversified
KEYCORPSER,Finance,Finance subtype General
KGL,Misc,Floriculture
KHANDSE,Finance,Finance subtype General
KICL,Finance,Finance subtype Investments
KINGFA,NA,NA
KIOCL,NA,NA
KIRIINDUS,Dyes,Dyes & Pigments
KIRLOSBROS,Misc,Pumps
KIRLOSENG,Engines,Engines
KIRLOSIND,Engines,Engines
KITEX,Textiles,Products
KKCL,Retail,Retail subtype Apparel Accessories
KMSUGAR,Sugar,Sugar subtype Others
KNRCON,Construction,Construction & Contracting subtype Civil
KOHINOOR,Commodities,Commodities subtype Trading subtype Rice
KOKUYOCMLN,Printing,Printing Publishing Stationery
KOLTEPATIL,Construction,Construction & Contracting subtype Housing
KOPRAN,Pharmaceuticals,Pharmaceuticals
KOTAKBANK,Banks subtype Private,Finance subtype Banks subtype Private Sector
KOTAKGOLD,ETF,Gold
KOTAKNIFTY,ETF,Nifty
KOTAKPSUBK,ETF,CNX PSU Bank Index
KOTARISUG,Sugar,Sugar subtype Integrated
KOTHARIPET,Trading,Trading
KOTHARIPRO,Misc,Pan Masala Tobbacco Products
KPIT,Computers,Software
KPRMILL,Textiles,Textiles subtype Readymade Apparels
KRBL,Commodities,Commodities subtype Trading subtype Rice
KSBPUMPS,Misc,Pumps
KSCL,Misc,Seeds Tissue Culture Bio Technology
KSL,Steel,Medium   Small
KTIL,Misc,Storage
KTKBANK,Banks subtype Private,Finance subtype Banks subtype Private Sector
KWALITY,Food Processing,Food Processing subtype Dairy
L&TFH,Finance,Finance subtype Investments
LAKPRE,Misc,Fasteners
LAKSHMIEFL,Commodities,Commodities subtype Trading subtype Rice
LAKSHVILAS,Banks subtype Private,Finance subtype Banks subtype Private Sector
LALPATHLAB,Healthcare,Healthcare
LAMBODHARA,Textiles,Textiles subtype Spinning subtype Cotton Blended
LAOPALA,Glass,Glass subtype Others
LAURUSLABS,NA,NA
LAXMIMACH,Textiles,Textiles subtype Machinery
LGBBROSLTD,Engineering,General
LIBERTSHOE,Leather,Leather Synthetic subtype Footwear
LICHSGFIN,Finance,Finance subtype Housing
LINCOLN,Pharmaceuticals,Formulations
LINCPEN,Printing,Printing Publishing Stationery
LINDEINDIA,Chemicals,Chemicals
LIQUIDBEES,ETF,Government Securities
LITL,Infrastructure,Infrastructure subtype General
LLOYDELENG,Air Conditioners,Air Conditioners
LML,Auto,Auto subtype 2 & 3 Wheelers
LOKESHMACH,Misc,Machine Tools
LOTUSEYE,Medical,Hospitals & Medical Services
LOVABLE,Textiles,Textiles subtype Readymade Apparels
LPDC,Construction,Construction and Contracting subtype Real Estate
LSIL,NA,NA
LT,Diversified,Diversified
LTI,NA,NA
LTTS,NA,NA
LUMAXIND,Auto Ancl,Auto Ancl subtype Equipment Lamp
LUMAXTECH,Auto Ancl,Auto Ancillaries
LUPIN,Pharmaceuticals,Pharmaceuticals
LUXIND,Textiles,Textiles subtype Composite Mills
LYKALABS,Pharmaceuticals,Pharmaceuticals
LYPSAGEMS,Jewellery,Diamond Cutting Precious Metals Jewellery
M&M,Auto,CarsubtypeJeepssubtypeTractors
M&MFIN,Finance,Finance subtype Leasing & Hire Purchase
MAANALU,Aluminium,Aluminium
MADHAV,Misc,Miscellaneous
MADHUCON,Construction,Construction & Contracting subtype Civil
MAGMA,Finance,Finance subtype Investments
MAGNUM,Paper,Paper & Paper Boards
MAHABANK,Banks subtype PSU,Finance subtype Banks subtype Public Sector
MAHASTEEL,NA,NA
MAHINDCIE,Castings,Castings Foundry
MAHLIFE,Construction,Construction & Contracting subtype Civil
MAHSCOOTER,Auto,Auto subtype 2 & 3 Wheelers
MAHSEAMLES,Steel,Steel subtype Seamless Tubes
MAITHANALL,Mining,Minerals   Metals
MAJESCO,Computers, Medium  Small
MALUPAPER,Paper,Paper subtype News Print
MANAKCOAT,Steel,Medium   Small
MANAKSIA,Packaging,Packaging subtype Metallic
MANAKSTEEL,Steel,Medium   Small
MANALIPETC,Petrochem,Petrochem subtype Polymers
MANAPPURAM,Finance,Finance subtype Leasing & Hire Purchase
MANDHANA,Textiles,Manmade Fibre subtype Rayon
MANGALAM,Pharmaceuticals,Bulk Drugs & Formln
MANGCHEFER,Fertilisers,Fertilisers subtype Nitrogenous Phosphate
MANGLMCEM,Cement,Major
MANGTIMBER,Consumer Goods,Decoratives subtype Wood Based
MANINDS,Steel,Steel subtype Tubes Pipes
MANINFRA,Construction,Construction & Contracting subtype Civil
MANPASAND,Food Processing,Indian
MANUGRAPH,Engineering,General
MARALOVER,Textiles,Textiles subtype Spinning subtype Cotton Blended
MARATHON,NA,NA
MARICO,FMCG,Personal Care
MARKSANS,Pharmaceuticals,Pharmaceuticals
MARUTI,Auto,Auto subtype Cars & Jeeps
MASTEK,Computers,Software
MAWANASUG,Sugar,Sugar subtype Others
MAXINDIA,NA,NA
MAXVIL,NA,NA
MAYURUNIQ,Plastics,Products
MAZDA,NA,NA
MBECL,Engineering,Turnkey Services
MBLINFRA,Construction,Construction & Contracting subtype Civil
MCDHOLDING,NA,NA
MCDOWELLsubtypeN,Beverages,Beverages subtype Alcoholic subtype Distilleries
MCLEODRUSS,Tea subtype Coffee,Plantations subtype Tea & Coffee
MCX,Misc,Miscellaneous
MEGASOFT,Computers,Software
MEGH,Agro,Pesticides Agro Chemicals
MENONBE,NA,NA
MEP,Construction,Construction
MERCATOR,Shipping,Shipping
MERCK,Pharmaceuticals,Pharmaceuticals
METALFORGE,Castings,Castings Foundry
MFSL,Packaging,Packaging subtype Others
MGL,NA,NA
MHRIL,Hotels,Resorts
MIC,Electronics,Electronics subtype Others
MINDACORP,Auto Ancl,Auto Ancillaries
MINDAIND,Auto Ancl,Auto Ancillaries
MINDTECK,NA,NA
MINDTREE,Computers,Software
MIRCELECTR,Consumer Goods,Consumer Goods subtype Electronic
MIRZAINT,Leather,Leather Synthetic subtype Footwear
MMFL,Auto Ancl,Forgings
MMTC,Trading,Trading
MOHITIND,Textiles,Textiles subtype Processing Texturising
MOIL,NA,NA
MOLDTECH,NA,NA
MOLDTKPAC,Plastics,Products
MONNETISPA,Steel,Steel subtype Sponge Iron
MONSANTO,Agro,Pesticides Agro Chemicals
MONTECARLO,Textiles,Products
MORARJEE,Textiles,Products
MOREPENLAB,Pharmaceuticals,Pharmaceuticals
MOSERBAER,Computers,Computers subtype Accessories Peripherals
MOTHERSUMI,Auto Ancl,Auto Ancl subtype Electrical
MOTILALOFS,Finance,Finance subtype General
MPHASIS,Computers,Software
MPSLTD,Printing,Printing Publishing Stationery
MRF,Auto Ancl,Tyres & Tubes
MROsubtypeTEK,Computers,Computers subtype Hardware
MRPL,Refineries,Refineries
MSPL,Steel,Steel subtype Sponge Iron
MTEDUCARE,Misc,Miscellaneous
MTNL,Telecom,Telecommunications subtype Service
MUKANDENGG,Computers,Project Consultancy Turnkey
MUKANDLTD,Steel,Steel subtype Alloys Special
MUKTAARTS,Entertainment,Entertainment Multi Media
MUNJALAU,Auto Ancl,Auto Ancl subtype Others
MUNJALSHOW,Auto Ancl,Auto Ancl subtype Shock Absorber
MUTHOOTCAP,Finance,Finance subtype Investments
MUTHOOTFIN,Finance,Finance subtype Investments
MVL,Construction,Construction
NAGAAGRI,NA,NA
NAGAFERT,NA,NA
NAGAROIL,Refineries,Refineries
NAGREEKCAP,Finance,Finance subtype Investments
NAGREEKEXP,Textiles,Textiles subtype Spinning subtype Cotton Blended
NAHARCAP,Finance,Finance subtype Investments
NAHARINDUS,Textiles,Textiles subtype Composite Mills
NAHARPOLY,Textiles,Textiles subtype Spinning subtype Cotton Blended
NAHARSPING,Textiles,Textiles subtype Hosiery Knitwear
NATCOPHARM,Pharmaceuticals,Pharmaceuticals
NATHBIOGEN,Misc,Miscellaneous
NATIONALUM,Aluminium,Aluminium
NAUKRI,Misc,Services subtype Others
NAVINFLUOR,Chemicals,Chemicals subtype Others
NAVKARCORP,Misc,Miscellaneous
NAVNETEDUL,Printing,Printing Publishing Stationery
NBCC,Construction,Construction
NBVENTURES,Diversified,Diversified
NCC,Construction,Construction & Contracting subtype Civil
NCLIND,Cement,Cement subtype Mini
NDGL,NA,NA
NDL,Textiles,Products
NDTV,Entertainment,Entertainment Multi Media
NECCLTD,Misc,Miscellaneous
NECLIFE,Pharmaceuticals,Pharmaceuticals
NELCAST,Castings,Castings Foundry
NELCO,Telecom,Telecommunications subtype Equipment
NESCO,Diversified,Diversified
NESTLEIND,Food Processing,Food Processing subtype Dairy
NETWORK18,Finance,Finance subtype General
NEULANDLAB,Pharmaceuticals,Pharmaceuticals
NFL,Fertilisers,Fertilisers subtype Nitrogenous Phosphate
NH,Medical,Hospitals & Medical Services
NHPC,Power,Generation Distribution
NIBL,NA,NA
NIFTY,Index,Index
NIFTYBEES,ETF,Nifty
NIFTYINFRA,Index,Index
NIFTYIT,Index,Index
NIFTYMID50,Index,Index
NIFTYPSE,Index,Index
NIITLTD,Computers,Softwaresubtype Training
NIITTECH,Computers,Software
NILAINFRA,Construction,Construction
NILKAMAL,Plastics,Plastics subtype Others
NIPPOBATRY,Dry Cells,Dry Cells
NITCO,Ceramics,Ceramics Tiles Sanitaryware
NITESHEST,Construction,Construction
NITINFIRE,Engineering,General
NITINSPIN,Textiles,Textiles subtype Spinning subtype Cotton Blended
NKIND,NA,NA
NLCINDIA,NA,NA
NMDC,Mining,Mining Minerals
NOCIL,Petrochem,Petrochem subtype Polymers
NOIDATOLL,Construction,Construction & Contracting subtype Civil
NRAIL,NA,NA
NRBBEARING,Auto Ancl,Bearings
NSIL,Finance,Finance subtype General
NTL,NA,NA
NTPC,Power,Generation Distribution
NUCLEUS,Computers,Software
NUTEK,Telecom,Telecommunications subtype Equipment
OBEROIRLTY,Construction,Construction and Contracting subtype Real Estate
OCCL,Chemicals,Chemicals
OCL,Cement,Major
OFSS,Computers,Software
OIL,Oil Drilling,Drilling Exploration
OILCOUNTUB,Steel,Steel subtype Tubes Pipes
OMAXAUTO,Auto Ancl,Auto Ancl subtype Others
OMAXE,Construction,Construction and Contracting subtype Real Estate
OMKARCHEM,Chemicals,Chemicals
OMMETALS,NA,NA
ONGC,Oil Drilling,Drilling Exploration
ONMOBILE,Telecom,Telecommunications subtype Service
OPTOCIRCUI,Medical,Medical Accessories
ORBTEXP,NA,NA
ORCHIDPHAR,NA,NA
ORICONENT,NA,NA
ORIENTABRA,Grinding Wheels,Abrasives Grinding Wheels
ORIENTBANK,Banks subtype PSU,Finance subtype Banks subtype Public Sector
ORIENTBELL,NA,NA
ORIENTCEM,NA,NA
ORIENTHOT,Hotels,Hotels
ORIENTLTD,NA,NA
ORIENTPPR,Diversified,Diversified
ORIENTREF,NA,NA
ORISSAMINE,Mining,Mining Minerals
ORTEL,NA,NA
PAGEIND,Textiles,Textiles subtype Readymade Apparels
PANACEABIO,Pharmaceuticals,Pharmaceuticals
PANAMAPET,NA,NA
PANORAMUNI,Computers,Software
PAPERPROD,Packaging,NaN
PARABDRUGS,Pharmaceuticals,Pharmaceuticals
PARAGMILK,NA,NA
PARRYSUGAR,Diversified,Diversified
PARSVNATH,Construction,Construction and Contracting subtype Real Estate
PATELENG,Construction,Construction & Contracting subtype Civil
PATINTLOG,Transport,Transport subtype Road
PATSPINLTD,Textiles,Textiles subtype Spinning subtype Cotton Blended
PBAINFRA,Infrastructure,Infrastructure subtype General
PCJEWELLER,NA,NA
PDMJEPAPER,NA,NA
PDPL,Pharmaceuticals,Pharmaceuticals
PDSMFL,NA,NA
PDUMJEIND,Paper,Paper & Paper Boards
PDUMJEPULP,Paper,Paper & Paper Boards
PEL,NA,NA
PENIND,Steel,Steel subtype CR HR Strips
PENINLAND,Construction,Construction & Contracting subtype Housing
PENPEBS,NA,NA
PERSISTENT,Computers,Software
PETRONET,Petrochem,Petrochem subtype Others
PFC,Finance,Finance subtype Term Lending Institutions
PFIZER,Pharmaceuticals,Pharmaceuticals
PFOCUS,Entertainment,Entertainment Multi Media
PFS,NA,NA
PGEL,NA,NA
PGHH,FMCG,Personal Care
PGIL,NA,NA
PHILIPCARB,Misc,Carbon Black
PHOENIXLL,NA,NA
PHOENIXLTD,Construction,Construction and Contracting subtype Real Estate
PIDILITIND,Chemicals,Chemicals subtype Speciality subtype Others
PIIND,NA,NA
PINCON,NA,NA
PIONDIST,Beverages,Beverages subtype Alcoholic subtype Distilleries
PIONEEREMB,Textiles,Textiles subtype Hosiery Knitwear
PITTILAM,Engineering,General
PKTEA,NA,NA
PLASTIBLEN,Plastics,Plastics subtype Others
PNB,Banks subtype PSU,Finance subtype Banks subtype Public Sector
PNBGILTS,Finance,Finance subtype Investments
PNBHOUSING,NA,NA
PNCINFRA,NA,NA
POCHIRAJU,NA,NA
PODDARHOUS,NA,NA
PODDARMENT,NA,NA
POKARNA,NA,NA
POLARIS,Computers,Software
POLYMED,NA,NA
POLYPLEX,Packaging,NaN
PONNIERODE,Sugar,Sugar subtype Others
POWERGRID,Power,Power subtype Transmission Equipment
POWERMECH,NA,NA
PPAP,Plastics,Plastics subtype Others
PRABHAT,NA,NA
PRAENG,Construction,Construction & Contracting subtype Housing
PRAJIND,Engineering,Heavy
PRAKASH,Diversified,Diversified
PRAKASHCON,NA,NA
PRAKASHSTL,NA,NA
PRATIBHA,Infrastructure,Infrastructure subtype General
PRECAM,NA,NA
PRECWIRE,Metals,Metals subtype Non Ferrous subtype Copper Copper Alloys subtype Prod
PREMEXPLN,NA,NA
PREMIER,Engineering,General
PREMIERPOL,NA,NA
PRESSMN,NA,NA
PRESTIGE,NA,NA
PRICOLLTD,NA,NA
PRIMESECU,Finance,Finance subtype Investments
PRISMCEM,Cement,Major
PROVOGE,NA,NA
PROZONINTU,NA,NA
PSB,Banks subtype PSU,Finance subtype Banks subtype Public Sector
PSL,Steel,Steel subtype Tubes Pipes
PSUBNKBEES,ETF,CNX PSU Bank Index
PTC,Power,Generation Distribution
PTL,Auto Ancl,Tyres & Tubes
PUNJABCHEM,Chemicals,Chemicals subtype Organic subtype Others
PUNJLLOYD,Construction,Construction & Contracting subtype Civil
PURVA,Construction,Construction and Contracting subtype Real Estate
PVR,Entertainment,Entertainment Multi Media
QGOLDHALF,ETF,Gold
QNIFTY,ETF,Nifty
QUESS,NA,NA
QUICKHEAL,NA,NA
RADICO,Finance,Finance subtype Investments
RADIOCITY,NA,NA
RAIN,NA,NA
RAINBOWPAP,Paper,Paper & Paper Boards
RAIREKMOH,NA,NA
RAJESHEXPO,Jewellery,Diamond Cutting Precious Metals Jewellery
RAJSREESUG,Sugar,Sugar subtype Integrated
RAJTV,Entertainment,Entertainment Multi Media
RAJVIR,NA,NA
RALLIS,Agro,Pesticides Agro Chemicals
RAMANEWS,Paper,Paper subtype News Print
RAMASTEEL,NA,NA
RAMCOCEM,NA,NA
RAMCOIND,Cement,Cement subtype Products Building Materials
RAMCOSYS,Computers,Software
RAMKY,Construction,Construction & Contracting subtype Civil
RANASUG,Sugar,Sugar subtype Others
RANEENGINE,Auto Ancl,Auto Ancl subtype Engine Parts
RANEHOLDIN,Finance,Finance subtype Investments
RATNAMANI,Steel,Steel subtype Tubes Pipes
RAYMOND,Textiles,Textiles subtype Woollen Worsted
RBL,Auto Ancl,Auto Ancl subtype Susp. & Braking subtype Others
RBLBANK,NA,NA
RCF,Fertilisers,Fertilisers subtype Nitrogenous Phosphate
RCOM,Telecom,Telecommunications subtype Service
RDEL,NA,NA
RECLTD,Finance,Finance subtype Term Lending Institutions
REDINGTON,NA,NA
REFEX,NA,NA
REIAGROLTD,Food Processing,Food Processing subtype Miscellaneous
RELAXO,NA,NA
RELCAPITAL,Finance,Finance subtype Investments
RELIANCE,Diversified,Diversified
RELIGARE,NA,NA
RELINFRA,Power,Generation Distribution
REMSONSIND,Auto Ancl,Auto Ancl subtype Susp. & Braking subtype Springs
RENUKA,Sugar,Sugar subtype Others
REPCOHOME,NA,NA
REPRO,Printing,Printing Publishing Stationery
RESPONIND,Plastics,Plastics subtype Flooring
REVATHI,Compressors,Compressors
RICOAUTO,Auto Ancl,Auto Ancl subtype Dr. Trans & Steer subtype Others
RIIL,Computers,Project Consultancy Turnkey
RJL,Jewellery,Diamond Cutting Precious Metals Jewellery
RKDL,NA,NA
RKFORGE,NA,NA
RML,NA,NA
ROHITFERRO,Misc,Ferro Alloys
ROHLTD,Hotels,Hotels
ROLLT,NA,NA
ROLTA,Computers,Software
ROSSELLIND,NA,NA
RPGLIFE,NA,NA
RPOWER,Power,Generation Distribution
RPPINFRA,Construction,Construction & Contracting subtype Civil
RSSOFTWARE,Computers,Software
RSWM,Textiles,Textiles subtype Spinning subtype Synthetic Blended
RSYSTEMS,Computers,Software
RTNINFRA,NA,NA
RTNPOWER,NA,NA
RUBYMILLS,Textiles,Textiles subtype Composite Mills
RUCHIRA,Paper,Paper subtype Kraft
RUCHISOYA,Edible Oils,Edible Oils & Solvent Extraction
RUPA,NA,NA
RUSHIL,NA,NA
SABEVENTS,NA,NA
SABTN,Entertainment,Entertainment Multi Media
SADBHAV,Construction,Construction & Contracting subtype Civil
SADBHIN,NA,NA
SAGCEM,Cement,Cement subtype Mini
SAIL,Steel,Steel
SAKHTISUG,Sugar,Sugar subtype Integrated
SAKSOFT,Computers,Software
SAKUMA,Trading,Trading
SALORAINTL,Consumer Goods,Consumer Goods subtype Electronic
SALZERELEC,NA,NA
SANDESH,Printing,Printing Publishing Stationery
SANGAMIND,Textiles,Textiles subtype Spinning subtype Synthetic Blended
SANGHIIND,Cement,Cement subtype Products Building Materials
SANGHVIFOR,NA,NA
SANGHVIMOV,Engineering,Heavy
SANOFI,NA,NA
SANWARIA,Edible Oils,Edible Oils & Solvent Extraction
SARDAEN,Steel,Steel subtype Sponge Iron
SAREGAMA,Entertainment,Entertainment Multi Media
SARLAPOLY,Textiles,Textiles subtype Processing Texturising
SASKEN,Computers,Software
SATHAISPAT,Steel,Steel subtype Pig Iron
SATIN,NA,NA
SBIN,Banks subtype PSU,Finance subtype Banks subtype Public Sector
SCHAND,NA,NA
SCHNEIDER,NA,NA
SCI,Shipping,Shipping
SDBL,NA,NA
SEAMECLTD,Shipping,Shipping
SEINV,NA,NA
SELAN,Oil Drilling,Drilling Exploration
SELMCL,Textiles,Textiles subtype General
SEPOWER,NA,NA
SEQUENT,NA,NA
SERVALL,NA,NA
SESHAPAPER,Paper,Paper & Paper Boards
SETCO,NA,NA
SFL,NA,NA
SGL,Textiles,Textiles subtype General
SHAKTIPUMP,NA,NA
SHALPAINTS,Paints,Paints Varnishes
SHANKARA,NA,NA
SHANTIGEAR,Engineering,General
SHARDACROP,NA,NA
SHARDAMOTR,NA,NA
SHARIABEES,ETF,Shariah Index
SHARONBIO,NA,NA
SHEMAROO,NA,NA
SHILPAMED,Pharmaceuticals,Pharmaceuticals
SHILPI,NA,NA
SHIRPURsubtypeG,NA,NA
SHIVAMAUTO,Auto Ancl,Auto Ancl subtype Others
SHIVTEX,Textiles,Textiles subtype Spinning subtype Cotton Blended
SHK,NA,NA
SHOPERSTOP,Retail,Retail subtype Departmental Stores
SHREECEM,Cement,Major
SHREEPUSHK,NA,NA
SHREERAMA,Packaging,Packaging subtype Others
SHREYANIND,Paper,Paper & Paper Boards
SHREYAS,Shipping,Shipping
SHRIRAMCIT,NA,NA
SHRIRAMEPC,Computers,Project Consultancy Turnkey
SHYAMCENT,NA,NA
SHYAMTEL,Telecom,Telecommunications subtype Equipment
SICAGEN,Trading,Trading
SICAL,Trading,Trading
SIEMENS,Misc,Instrumentation & Process Control
SIGNET,NA,NA
SILINV,Finance,Finance subtype Investments
SIMBHALS,NA,NA
SIMPLEXINF,Construction,Construction & Contracting subtype Civil
SINTEX,Diversified,Diversified
SITASHREE,Food Processing,Food Processing subtype Miscellaneous
SITINET,NA,NA
SIYSIL,Textiles,Textiles subtype Weaving
SJVN,Power,Generation Distribution
SKFINDIA,Auto Ancl,Bearings
SKIL,NA,NA
SKIPPER,NA,NA
SMARTLINK,NA,NA
SMLISUZU,Auto,Auto subtype LCVs HCVs
SMPL,NA,NA
SMSPHARMA,Pharmaceuticals,Pharmaceuticals
SNOWMAN,NA,NA
SOBHA,Construction,Construction and Contracting subtype Real Estate
SOLARINDS,Misc,Industrial Explosives
SOMANYCERA,Ceramics,Ceramics Tiles Sanitaryware
SOMICONVEY,NA,NA
SONASTEER,Auto Ancl,Auto Ancl subtype Gears & Drive
SONATSOFTW,Computers,Software
SORILHOLD,NA,NA
SORILINFRA,NA,NA
SOTL,Petrochem,Petrochem subtype Others
SOUTHBANK,Banks subtype Private,Finance subtype Banks subtype Private Sector
SPAL,NA,NA
SPARC,Misc,Miscellaneous
SPCENET,NA,NA
SPENTEX,Textiles,Textiles subtype Spinning subtype Cotton Blended
SPHEREGSL,NA,NA
SPIC,Fertilisers,Fertilisers subtype Nitrogenous Phosphate
SPICEMOBI,NA,NA
SPLIL,Textiles,Textiles subtype Readymade Apparels
SPYL,NA,NA
SQSBFSI,NA,NA
SREEL,NA,NA
SREINFRA,Finance,Finance subtype Leasing & Diversified
SRF,Textiles,Textiles subtype Manmade Fibre subtype Nylon
SRHHYPOLTD,Petrochem,Petrochem subtype Others
SRIPIPES,NA,NA
SRSLTD,NA,NA
SRTRANSFIN,Finance,Finance subtype Leasing & Hire Purchase
SSWL,Auto Ancl,Auto Ancl subtype Dr. Trans & Steer subtype Wheels
STAMPEDE,NA,NA
STAR,Pharmaceuticals,Pharmaceuticals
STARPAPER,Paper,Paper & Paper Boards
STCINDIA,Trading,Trading
STEL,Finance,Finance subtype Investments
STERLINBIO,Pharmaceuticals,Pharmaceuticals
STERTOOLS,Misc,Fasteners
STINDIA,Textiles,Textiles subtype Spinning subtype Cotton Blended
STRTECH,Cables,Cables subtype Telephone
SUBEX,Computers,Software
SUBROS,Auto Ancl,Auto Ancl subtype Equipment Others
SUDARSCHEM,Dyes,Dyes & Pigments
SUJANAUNI,Appliances,Domestic Appliances subtype Others
SUMEETINDS,Textiles,Textiles subtype Manmade Fibre subtype PPFY
SUMMITSEC,Finance,Finance subtype General
SUNCLAYLTD,NA,NA
SUNDARAM,NA,NA
SUNDARMFIN,Finance,Finance subtype Leasing & Hire Purchase
SUNDRMBRAK,NA,NA
SUNDRMFAST,Auto Ancl,Auto Ancl subtype Engine Parts
SUNFLAG,Steel,Steel subtype Rolling
SUNILHITEC,Power,Power subtype Transmission Equipment
SUNPHARMA,Pharmaceuticals,Pharmaceuticals
SUNTECK,Construction,Construction and Contracting subtype Real Estate
SUNTV,Entertainment,Entertainment Multi Media
SUPERHOUSE,NA,NA
SUPERSPIN,Textiles,Textiles subtype Spinning subtype Cotton Blended
SUPPETRO,Petrochem,Petrochem subtype Polymers
SUPRAJIT,Auto Ancl,Auto Ancl subtype Equipment Others
SUPREMEIND,Plastics,Plastics subtype Others
SUPREMEINF,Construction,Construction & Contracting subtype Civil
SUPREMETEX,Textiles,Textiles subtype Spinning subtype Cotton Blended
SURANASOL,NA,NA
SURANAT&P,Cables,Cables subtype Telephone
SURYALAXMI,Textiles,Textiles subtype Spinning subtype Cotton Blended
SURYAROSNI,Steel,Steel subtype Tubes Pipes
SUTLEJTEX,Textiles,Textiles subtype General
SUVEN,Pharmaceuticals,Pharmaceuticals
SUZLON,Engineering,Heavy
SWANENERGY,NA,NA
SWARAJENG,Engines,Engines
SWELECTES,NA,NA
SYMPHONY,NA,NA
SYNCOM,Pharmaceuticals,Pharmaceuticals
SYNDIBANK,Banks subtype PSU,Finance subtype Banks subtype Public Sector
SYNGENE,NA,NA
TAINWALCHM,Plastics,Plastics subtype Sheets Films
TAJGVK,Hotels,Hotels
TAKE,Computers,Software
TALBROAUTO,Auto Ancl,Auto Ancl subtype Engine Parts
TALWALKARS,Misc,Miscellaneous
TANLA,NA,NA
TARAJEWELS,NA,NA
TASTYBITE,NA,NA
TATACHEM,Chemicals,Chemicals subtype Inorganic subtype Caustic Soda Soda Ash
TATACOFFEE,Tea subtype Coffee,Plantations subtype Tea & Coffee
TATACOMM,Telecom,Telecommunications subtype Service
TATAELXSI,Computers,Software
TATAGLOBAL,Tea subtype Coffee,Plantations subtype Tea & Coffee
TATAINVEST,Finance,Finance subtype Investments
TATAMETALI,Steel,Steel subtype Pig Iron
TATAMOTORS,Auto,Auto subtype LCVs HCVs
TATAMTRDVR,Auto,Auto subtype LCVs HCVs
TATAPOWER,Power,Generation Distribution
TATASPONGE,Steel,Steel subtype Sponge Iron
TATASTEEL,Steel,Steel
TBZ,NA,NA
TCI,Transport,Transport subtype Road
TCIDEVELOP,NA,NA
TCIEXP,NA,NA
TCIFINANCE,Finance,Finance subtype Investments
TCS,Computers,Software
TDPOWERSYS,NA,NA
TEAMLEASE,NA,NA
TECHM,Computers,Software
TECHNO,Electric,Equipment SwitchGare Circuit Breaker
TECHNOFAB,Computers,Project Consultancy Turnkey
TERASOFT,NA,NA
TEXINFRA,NA,NA
TEXRAIL,NA,NA
TFCILTD,Finance,Finance subtype Term Lending Institutions
TGBHOTELS,NA,NA
THANGAMAYL,Jewellery,Diamond Cutting Precious Metals Jewellery
THEMISMED,Pharmaceuticals,Pharmaceuticals
THERMAX,Misc,Pollution Control Equipment
THIRUSUGAR,Sugar,Sugar subtype Integrated
THOMASCOOK,Travel,Travel Agen.   Tourism Deve.   Amusement Park
THYROCARE,NA,NA
TI,Beverages,Beverages subtype Alcoholic subtype Distilleries
TIDEWATER,Auto Ancl,Lubricants
TIIL,Diversified,Diversified
TIL,Engineering,Heavy
TIMETECHNO,Packaging,NaN
TIMKEN,Auto Ancl,Bearings
TINPLATE,Metals,Metals subtype Non Ferrous subtype Others
TIPSINDLTD,Entertainment,Entertainment Multi Media
TIRUMALCHM,Chemicals,Chemicals subtype Organic subtype Maleic Anhydride
TITAN,Misc,Watches
TMRVL,NA,NA
TNPETRO,Consumer Goods,Detergents
TNPL,Paper,Paper subtype News Print
TOKYOPLAST,Appliances,Domestic Appliances subtype Thermoware
TORNTPHARM,Pharmaceuticals,Pharmaceuticals
TORNTPOWER,Power,Generation Distribution
TPLPLASTEH,NA,NA
TREEHOUSE,NA,NA
TRENT,Retail,Retail subtype Readymade Apparel
TRF,Engineering,Heavy
TRIDENT,Textiles,Textiles subtype Spinning subtype Cotton Blended
TRIGYN,Computers,Software
TRIL,NA,NA
TRITURBINE,NA,NA
TRIVENI,Sugar,Sugar subtype Integrated
TTKHLTCARE,NA,NA
TTKPRESTIG,Appliances,Domestic Appliances subtype Cookers
TTL,Textiles,Textiles subtype Hosiery Knitwear
TTML,Telecom,Telecommunications subtype Service
TUBEINVEST,Cycles,Cycles & Accessories
TULSI,Petrochem,Petrochem subtype Polymers
TV18BRDCST,Entertainment,Entertainment Multi Media
TVSELECT,Computers,Computers subtype Accessories Peripherals
TVSMOTOR,Auto,Auto subtype 2 & 3 Wheelers
TVSSRICHAK,Auto Ancl,Tyres & Tubes
TVTODAY,Entertainment,Entertainment Multi Media
TVVISION,NA,NA
TWL,Engineering,Heavy
UBL,NA,NA
UCALFUEL,Auto Ancl,Auto Ancl subtype Engine Parts
UCOBANK,Banks subtype PSU,Finance subtype Banks subtype Public Sector
UFLEX,Packaging,NaN
UFO,NA,NA
UGARSUGAR,Sugar,Sugar subtype Integrated
UJAAS,NA,NA
UJJIVAN,NA,NA
ULTRACEMCO,Cement,Major
UMANGDAIRY,NA,NA
UNICHEMLAB,Pharmaceuticals,Pharmaceuticals
UNIENTER,Trading,Trading
UNIONBANK,Banks subtype PSU,Finance subtype Banks subtype Public Sector
UNITECH,Construction,Construction & Contracting subtype Civil
UNITEDBNK,Banks subtype PSU,Finance subtype Banks subtype Public Sector
UNITEDTEA,NA,NA
UNITY,Infrastructure,Infrastructure subtype General
UNIVCABLES,Cables,Cables subtype Power Others
UPL,NA,NA
USHAMART,Steel,Steel subtype Alloys Special
USHERAGRO,Food Processing,Food Processing subtype Miscellaneous
UTTAMSTL,Steel,Steel subtype GP GC Sheets
UTTAMSUGAR,Sugar,Sugar subtype Others
V2RETAIL,NA,NA
VADILALIND,NA,NA
VAKRANGEE,NA,NA
VALUEIND,Consumer Goods,Consumer Goods subtype White subtype Washing Mach. Refrig. Oth
VARDHACRLC,Textiles,Textiles subtype Manmade Fibre subtype Acrylic Fibre
VARDMNPOLY,Textiles,Textiles subtype Spinning subtype Cotton Blended
VASCONEQ,Construction,Construction and Contracting subtype Real Estate
VASWANI,NA,NA
VBL,NA,NA
VEDL,Metals,Metals subtype Non Ferrous subtype Others
VENKEYS,Misc,Livestock subtype Hatcheries Poultry
VENUSREM,Pharmaceuticals,Pharmaceuticals
VESUVIUS,Misc,Refractories
VETO,NA,NA
VGUARD,NA,NA
VHL,Finance,Finance subtype Investments
VICEROY,Hotels,Hotels
VIDEOIND,Consumer Goods,Consumer Goods subtype Electronic
VIDHIING,NA,NA
VIJAYABANK,Banks subtype PSU,Finance subtype Banks subtype Public Sector
VIJSHAN,Construction,Construction & Contracting subtype Housing
VIKASECO,NA,NA
VIMTALABS,Misc,Miscellaneous
VINATIORGA,Chemicals,Chemicals subtype Organic subtype Benzene Based
VINDHYATEL,Cables,Cables subtype Telephone
VINYLINDIA,Chemicals,Chemicals subtype Organic subtype Others
VIPCLOTHNG,NA,NA
VIPIND,Plastics,Plastics subtype Moulded Luggage
VIPULLTD,NA,NA
VISAKAIND,Cement,Cement subtype Products Building Materials
VISASTEEL,Steel,Steel
VISHNU,NA,NA
VIVIDHA,NA,NA
VIVIMEDLAB,NA,NA
VLSFINANCE,Finance,Finance subtype Leasing & Hire Purchase
VMART,NA,NA
VOLTAMP,Power,Power subtype Transmission Equipment
VOLTAS,Diversified,Diversified
VRLLOG,NA,NA
VSSL,NA,NA
VSTIND,Cigarettes,Cigarettes
VSTTILLERS,NA,NA
VTL,Textiles,Textiles subtype Spinning subtype Cotton Blended
WABAG,Engineering,General
WABCOINDIA,NA,NA
WALCHANNAG,Engineering,Heavy
WEIZFOREX,NA,NA
WEIZMANIND,Textiles,Textiles subtype Processing Texturising
WELCORP,Steel,Steel subtype Tubes Pipes
WELENT,NA,NA
WELINV,NA,NA
WELSPUNIND,Textiles,Textiles subtype Terry Towels
WENDT,Grinding Wheels,Abrasives Grinding Wheels
WHEELS,NA,NA
WHIRLPOOL,Consumer Goods,Consumer Goods subtype White subtype Washing Mach. Refrig. Oth
WINDMACHIN,NA,NA
WINSOME,NA,NA
WIPRO,Computers,Software
WOCKPHARMA,Pharmaceuticals,Pharmaceuticals
WONDERLA,NA,NA
WSI,Electric,Electric Equipment subtype General
WSTCSTPAPR,Paper,Paper & Paper Boards
XCHANGING,NA,NA
XPROINDIA,Packaging,NaN
YESBANK,Banks subtype Private,Finance subtype Banks subtype Private Sector
ZANDUREALT,Construction,Construction and Contracting subtype Real Estate
ZEEL,Entertainment,Entertainment Multi Media
ZEELEARN,NA,NA
ZEEMEDIA,NA,NA
ZENSARTECH,NA,NA
ZENTEC,NA,NA
ZICOM,Electronics,Electronics subtype Others
ZODIACLOTH,Textiles,Textiles subtype Readymade Apparels
ZODJRDMKJ,Jewellery,Diamond Cutting Precious Metals Jewellery
ZUARI,NA,NA
ZUARIGLOB,NA,NA
ZYDUSWELL,Misc,Vanaspati
ZYLOG,Computers,Software
